{
  "accuracy": 0.4634146341463415,
  "precision": 0.5128205128205128,
  "recall": 0.29850746268656714,
  "auc": 0.5221215351812367,
  "n_val": 123
}