{
  "accuracy": 0.5583333333333333,
  "precision": 0.5583333333333333,
  "recall": 1.0,
  "auc": 0.5299915516755843,
  "n_val": 120
}