{
  "accuracy": 0.44715447154471544,
  "precision": 0.0,
  "recall": 0.0,
  "auc": 0.5088235294117648,
  "n_val": 123
}