{
  "accuracy": 0.6991869918699187,
  "precision": 0.6991869918699187,
  "recall": 1.0,
  "auc": 0.431803896920176,
  "n_val": 123
}