{
  "accuracy": 0.6341463414634146,
  "precision": 0.6446280991735537,
  "recall": 0.975,
  "auc": 0.5357558139534884,
  "n_val": 123
}