{
  "accuracy": 0.5447154471544715,
  "precision": 0.5447154471544715,
  "recall": 1.0,
  "auc": 0.5367803837953092,
  "n_val": 123
}