{
  "accuracy": 0.3821138211382114,
  "precision": 0.0,
  "recall": 0.0,
  "auc": 0.591545352743561,
  "n_val": 123
}