{
  "accuracy": 0.6166666666666667,
  "precision": 0.6166666666666667,
  "recall": 1.0,
  "auc": 0.52262044653349,
  "n_val": 120
}