{
  "accuracy": 0.6583333333333333,
  "precision": 0.6583333333333333,
  "recall": 1.0,
  "auc": 0.5004631058968818,
  "n_val": 120
}