{
  "accuracy": 0.6422764227642277,
  "precision": 0.6422764227642277,
  "recall": 1.0,
  "auc": 0.5549482163406214,
  "n_val": 123
}