{
  "AAPL": {
    "accuracy": 0.4634146341463415,
    "precision": 0.5128205128205128,
    "recall": 0.29850746268656714,
    "auc": 0.5221215351812367,
    "n_val": 123
  },
  "AMZN": {
    "accuracy": 0.44715447154471544,
    "precision": 0.0,
    "recall": 0.0,
    "auc": 0.5088235294117648,
    "n_val": 123
  },
  "GOOGL": {
    "accuracy": 0.6991869918699187,
    "precision": 0.6991869918699187,
    "recall": 1.0,
    "auc": 0.431803896920176,
    "n_val": 123
  },
  "INTL": {
    "accuracy": 0.6341463414634146,
    "precision": 0.6446280991735537,
    "recall": 0.975,
    "auc": 0.5357558139534884,
    "n_val": 123
  },
  "META": {
    "accuracy": 0.5447154471544715,
    "precision": 0.5447154471544715,
    "recall": 1.0,
    "auc": 0.5367803837953092,
    "n_val": 123
  },
  "MSFT": {
    "accuracy": 0.3821138211382114,
    "precision": 0.0,
    "recall": 0.0,
    "auc": 0.591545352743561,
    "n_val": 123
  },
  "NVDA": {
    "accuracy": 0.6422764227642277,
    "precision": 0.6422764227642277,
    "recall": 1.0,
    "auc": 0.5549482163406214,
    "n_val": 123
  },
  "TSL": {
    "accuracy": 0.5121951219512195,
    "precision": 0.5121951219512195,
    "recall": 1.0,
    "auc": 0.4523809523809524,
    "n_val": 123
  }
}