{
  "AAPL": {
    "accuracy": 0.5583333333333333,
    "precision": 0.5583333333333333,
    "recall": 1.0,
    "auc": 0.5299915516755843,
    "n_val": 120
  },
  "MSFT": {
    "accuracy": 0.6166666666666667,
    "precision": 0.6166666666666667,
    "recall": 1.0,
    "auc": 0.52262044653349,
    "n_val": 120
  },
  "NVDA": {
    "accuracy": 0.6583333333333333,
    "precision": 0.6583333333333333,
    "recall": 1.0,
    "auc": 0.5004631058968818,
    "n_val": 120
  }
}