{
  "accuracy": 0.5121951219512195,
  "precision": 0.5121951219512195,
  "recall": 1.0,
  "auc": 0.4523809523809524,
  "n_val": 123
}